key,fullName,email,passportNumber,dateOfBirth,specialNeeds,draftMode,key:customer
passenger-01,Juan Pérez,juan.perez@email.com,T123Y5678,2000/07/12 00:12,,false,customer-01
passenger-02,Ana Gómez,ana.gomez@email.com,P87W54321,2001/03/25 23:43,Wheelchair,false,customer-01
passenger-03,Carlos Rodríguez,carlos.rodriguez@email.com,P45678912,2001/09/15 22:39,,false,customer-01
passenger-04,Emily Johnson,emily.johnson@email.com,M789E2345,2003/06/30 12:01,Vegan meal,false,customer-02
passenger-05,Sophie Müller,sophie.muller@email.com,V32165F98,2005/12/22 21:09,,false,customer-02
passenger-06,Alberto Sánchez,alberto.sanchez@email.com,654L8732,2001/05/10 13:21,Hearing assistance,false,customer-02
passenger-07,Yuki Tanaka,yuki.tanaka@email.com,N85R96374,2000/11/18 16:21,,false,customer-01
passenger-08,Michael Brown,michael.brown@email.com,U15N75326,2005/08/05 00:08,Extra legroom,false,customer-01
passenger-09,Lucas Martínez,lucas.martinez@email.com,J847A1234,2003/04/02 09:15,,false,customer-01
passenger-10,Olivia Pérez,olivia.perez@email.com,K564B6789,2007/01/14 14:30,Gluten-free meal,false,customer-01
passenger-11,Daniela Hernández,daniela.hernandez@email.com,L345D4567,2002/11/09 18:45,,false,customer-02
passenger-12,Miguel Gómez,miguel.gomez@email.com,N812X9876,2003/02/20 11:25,P,false,customer-01
passenger-13,Sofia López,sofia.lopez@email.com,P654J3210,2004/07/06 06:15,,false,customer-01
passenger-14,Antonio Ramírez,antonio.ramirez@email.com,Q987W2345,2000/10/29 13:05,Wheelchair,false,customer-01
passenger-15,Isabel García,isabel.garcia@email.com,R654K5678,2002/09/11 20:30,,false,customer-02
passenger-16,Juanita Silva,juanita.silva@email.com,S987F2345,2007/05/22 17:00,Assistance with walking,false,customer-01
passenger-17,Pablo Ruiz,pablo.ruiz@email.com,T321V7654,2004/01/12 09:50,,false,customer-01
passenger-18,María Fernández,maria.fernandez@email.com,U876C1234,2000/03/09 22:40,Extra baggage,false,customer-02
passenger-19,Luis Martínez,luis.martinez@email.com,T654A9876,2003/07/21 00:00,Wheelchair,false,customer-02
passenger-20,Elena Rivas,elena.rivas@email.com,V543B2198,2005/02/14 00:00,لوريم إيبسوم,false,customer-02
passenger-21,Roberto Silva,roberto.silva@email.com,W321X7654,2000/11/30 00:00,Extra legroom,false,customer-02
passenger-22,โลเร็ม อิปซัม,a@b.esx,VBNMC6738,2010/01/12 10:00,,false,customer-01
passenger-23,لوريم إيبسوم,lorem-ipsum@dolor.sit.amet.consectetur.adipiscing.elit.sed.do.eiusmod.tempor.incididunt.ut.labore.et.dolore.magna.aliqua.Ut.enim.ad.minim.veniam.quis.nostrud.exercitation.ullamco.laboris.nisi.ut.aliquip.ex.ea.commodo.consequat.duis.aute.irure.doloris.edu,OUYN953,2020/11/30 00:00,,true,customer-01
passenger-24,洛伦·伊普森,a@b.e,HNOWC532,2015/12/30 00:00,,true,customer-01
passenger-25,<marquee>Hacked</marquee>,acme@lorem-ipsum.org,73NSKJJ2,2004/06/20 00:00,'' or 'A' = 'A,true,customer-01
passenger-26,Laura Gómez,laura.gomez27@example.com,Z83D12K,2005/04/21 10:33,Vegan meal,false,customer-01
passenger-27,David Ruiz,david.ruiz89@mail.net,QWE7892,2012/11/04 08:25,,false,customer-02
passenger-28,Natalia Silva,natalia.silva45@test.org,PLM45TY,2007/01/15 12:00,Gluten-free meal,true,customer-01
passenger-29,Carlos Fernández,carlos.fernandez2@correo.es,84RPT69,2003/06/03 22:14,洛伦·伊普森,false,customer-01
passenger-30,Sara Martínez,lorem-ipsum@dolor.sit.amet.consectetur.adipiscing.elit.sed.do.eiusmod.tempor.incididunt.ut.labore.et.dolore.magna.aliqua.Ut.enim.ad.minim.veniam.quis.nostrud.exercitation.ullamco.laboris.nisi.ut.aliquip.ex.ea.commodo.consequat.duis.aute.irure.dolor.es.org,UYT9876,2009/09/11 19:19,,false,customer-02
passenger-31,Lucía Morales,lucia.morales18@mail.net,GHU1234,2000/12/01 14:32,Lorem ipsum dolor sit ame,true,customer-02
passenger-32,Diego Ramírez,diego.ramirez3@example.com,NV75HD4,2008/07/07 00:01,<script>alert(‘Hacked!’);</script>,false,customer-01
passenger-33,Clara López,clara.lopez12@test.org,LKD2345,2015/03/03 11:44,,false,customer-01
passenger-34,Jorge Sánchez,jorge.sanchez77@correo.es,POT98N4,2011/08/29 16:00,'' or 'A' = 'A,true,customer-02
passenger-35,Martín Gómez,martin.gomez5@email.com,WEY5432,2006/02/18 10:09,Priority boarding,false,customer-01
passenger-36,Elena Torres,elena.torres43@test.com,NM7654A,2002/05/16 06:55,L,false,customer-01
passenger-37,Pablo Ortega,pablo.ortega88@mail.com,YTR4536,2010/11/07 13:20,,true,customer-02
passenger-38,Andrea Navarro,a@b.e,EDC2347,2003/08/25 20:45,Wheelchair,false,customer-02
passenger-39,Ismael Soto,lorem-ipsum@dolor.sit.amet.consectetur.adipiscing.elit.sed.do.eiusmod.tempor.incididunt.ut.labore.et.dolore.magna.aliqua.Ut.enim.ad.minim.veniam.quis.nostrud.exercitation.ullamco.laboris.nisi.ut.aliquip.ex.ea.commodo.consequat.duis.aute.irure.doloris.edu,GFJ8971,2001/10/10 11:30,Extra legroom,false,customer-01
passenger-40,Rebeca Díaz,rebeca.diaz21@email.net,PKO7654,2013/04/14 15:42,Priority boarding,true,customer-02
passenger-41,Sergio Molina,sergio.molina55@mail.com,YHN8923,2006/03/23 09:20,,false,customer-01
passenger-42,Laura Ruiz,a@b.es,KLP9865,2009/05/12 13:15,โลเร็ม อิปซัม,false,customer-01
passenger-43,Pedro Herrera,pedro.herrera01@correo.com,ZXV3247,2001/02/04 07:59,,true,customer-02
passenger-44,Marina Torres,marina.torres93@mail.net,BVC5476,2004/07/30 11:40,Extra baggage,false,customer-01
passenger-45,Tomás Núñez,tomas.nunez65@test.com,NMB8721,2012/10/03 22:00,,false,customer-01
passenger-46,Ana Molina,ana.molina26@email.com,PLN3412,2011/12/24 12:34,Wheelchair,true,customer-02
passenger-47,Javier Soto,javier.soto17@mail.org,RFG6532,2000/06/19 10:50,Priority boarding,false,customer-01
passenger-48,Paula Campos,paula.campos07@test.net,DHJ7641,2013/01/11 18:42,Lo,false,customer-02
passenger-49,Manuel Vidal,manuel.vidal09@example.org,FRT4356,2005/10/05 07:15,<marquee>Hacked</marquee>,false,customer-01
passenger-50,Claudia Paredes,claudia.paredes@email.org,YUI2134,2014/06/28 16:40,,true,customer-02
passenger-51,Cristina Sanz,a@b.esx,TRE4357,2007/04/09 14:00,洛伦·伊普森,false,customer-01
passenger-52,Álvaro Gómez,alvaro.gomez81@correo.net,LOI1239,2000/09/30 09:10,,true,customer-01
passenger-53,Lucía Romero,lorem-ipsum@dolor.sit.amet.consectetur.adipiscing.elit.sed.do.eiusmod.tempor.incididunt.ut.labore.et.dolore.magna.aliqua.Ut.enim.ad.minim.veniam.quis.nostrud.exercitation.ullamco.laboris.nisi.ut.aliquip.ex.ea.commodo.consequat.duis.aute.irure.dolor.es.org,PLK7653,2002/03/15 08:45,Vegan meal,false,customer-02
passenger-54,Oscar Navarro,oscar.navarro14@test.org,GHJ8732,2010/08/06 11:00,,false,customer-01
passenger-55,Aitana Castro,aitana.castro95@example.com,WQE4723,2011/05/20 13:50,'' or 'A' = 'A,true,customer-02
passenger-56,Mario Gil,a@b.e,KJU5427,2012/02/08 12:30,Lorem ipsum dolor sit amet consectetur adipiscin,false,customer-01
passenger-57,Inés Vargas,ines.vargas98@correo.com,NBV3210,2014/12/15 15:18,Priority boarding,false,customer-01
passenger-58,Andrés León,andres.leon90@test.net,TRF6572,2015/03/09 10:10,,true,customer-02
passenger-59,Nuria Herrera,nuria.herrera67@example.org,WER8764,2016/11/30 09:00,Hearing assistance,false,customer-01
passenger-60,Bruno Ríos,bruno.rios76@mail.net,FDS5432,2013/07/23 13:40,,false,customer-01
passenger-61,Jimena Aguirre,jimena.aguirre44@test.org,KYT7654,2006/06/06 11:30,Vegan meal,true,customer-02
passenger-62,Iker Marín,iker.marin80@example.com,XCV2384,2008/10/10 08:15,,false,customer-02
passenger-63,Valeria Domínguez,valeria.dominguez@test.com,JNB8721,2010/05/14 07:07,Extra legroom,false,customer-01
passenger-64,Enzo Lozano,enzo.lozano34@mail.org,TYU5487,2014/01/22 22:22,,true,customer-01
passenger-65,Julia Roldán,julia.roldan52@email.com,VFR6789,2005/03/17 16:00,洛伦·伊普森,false,customer-02
passenger-66,Adrián Morales,lorem-ipsum@dolor.sit.amet.consectetur.adipiscing.elit.sed.do.eiusmod.tempor.incididunt.ut.labore.et.dolore.magna.aliqua.Ut.enim.ad.minim.veniam.quis.nostrud.exercitation.ullamco.laboris.nisi.ut.aliquip.ex.ea.commodo.consequat.duis.aute.irure.doloris.edu,ZXC6543,2007/09/30 11:15,,false,customer-02
passenger-67,Daniela Salas,daniela.salas10@test.net,BVF2348,2010/12/11 17:35,"Lorem ipsum dolor sit amet, consectetur adipiscing",true,customer-01
passenger-68,Noa Crespo,noa.crespo28@mail.org,GHN8732,2011/07/08 08:45,,false,customer-01
passenger-69,Iván Vidal,ivan.vidal79@example.org,HJK6542,2004/08/12 09:50,<marquee>Hacked</marquee>,false,customer-02
passenger-70,Lola Benítez,lola.benitez21@test.org,LPO9481,2003/09/23 20:20,,true,customer-02
passenger-71,Felipe Ramos,felipe.ramos65@mail.com,DRT9873,2009/03/02 14:00,โลเร็ม อิปซัม,false,customer-01
passenger-72,Aurora Vargas,acme@lorem-ipsum.org,QWE8754,2016/04/14 09:00,,false,customer-01
passenger-73,Leo Ortega,leo.ortega17@test.com,TYU5639,2017/01/29 11:45,<script>alert(‘Hacked!’);</script>,true,customer-02
passenger-74,Ángela Lozano,angela.lozano12@mail.com,RTY7834,2002/10/06 08:00,,false,customer-02
passenger-75,Erik Navarro,a@b.es,DFG6541,2008/02/28 19:10,"Lorem ipsum dolor sit amet, consectetur adipiscin",false,customer-01
passenger-76,Carla Aguado,carla.aguado14@test.org,KLJ2374,2015/09/05 10:00,,true,customer-01
passenger-77,Samuel Reyes,samuel.reyes44@mail.net,YUI2389,2010/01/01 15:30,Extra legroom,false,customer-02
passenger-78,Marcos Ávila,a@b.esx,ZXC3245,2013/11/21 08:10,,false,customer-02
passenger-79,Nerea Lozano,nerea.lozano07@test.net,WQS8392,2006/07/17 17:25,Priority boarding,true,customer-01
passenger-80,Héctor Peña,hector.pena65@correo.com,TYR6521,2001/01/30 13:30,,false,customer-01
passenger-81,Abril Blanco,abril.blanco21@example.com,RTE8712,2012/06/06 14:50,لوريم إيبسوم,false,customer-02
passenger-82,Unai Ramos,unai.ramos45@mail.org,QAZ8934,2018/03/11 11:35,,false,customer-02
passenger-83,Clara Vargas,clara.vargas66@test.org,LOP9243,2007/10/26 10:20,Hearing assistance,true,customer-01
passenger-84,Alex Muñoz,alex.munoz99@correo.net,BNV8762,2014/07/14 07:50,,false,customer-01
passenger-85,Laia Nieto,laia.nieto89@test.com,HJK2378,2009/01/22 09:20,Vegan meal,false,customer-02
passenger-86,Thiago Mora,thiago.mora03@mail.net,MNB6482,2005/06/13 12:30,,true,customer-01
passenger-87,Carolina Ferrer,carolina.ferrer34@example.org,PLM8794,2013/02/08 13:10,"Lorem ipsum dolor sit amet, consectetur adipiscing",false,customer-01
passenger-88,Iván Ríos,ivan.rios78@correo.com,YHN3452,2002/04/18 14:40,,false,customer-02
passenger-89,Ariadna Pérez,ariadna.perez27@mail.org,TRF2341,2010/08/30 15:45,Extra legroom,true,customer-02
passenger-90,Martina Alonso,martina.alonso19@test.net,QAZ7834,2000/05/05 18:20,Lo,false,customer-01
